serie,T,model,t create,t optim,rmse train,rmse test,mase test
1,200,model 1,0.0135842,55.4208742,493.17160387494886,31693.161281535642,0.3328020331799037
1,200,model 2,0.0052127,0.3806885,498.04455436295024,2.0350724769652903e6,0.24116450219204935
1,200,model 3,0.0049442,0.2576255,1829.3004393324236,2.5639886444076556e6,0.44049396452586326
2,200,model 1,0.0157218,31.0494209,104377.07647555477,69468.07329124237,0.15259122203952594
2,200,model 2,0.0049709,0.0467711,109576.83564833582,2.0350724769652903e6,0.6328656510271307
2,200,model 3,0.0046001,0.0544892,116850.72135516888,2.5639886444076556e6,0.6556102920440751
3,200,model 1,0.0131192,7.8054438,272.3557642381631,9874.878951377577,0.05616758352134603
3,200,model 2,0.005223,0.3425991,406.2778566298672,2.0350724769652903e6,0.16277229754148984
3,200,model 3,0.0052452,0.3713878,275.65828606952454,2.5639886444076556e6,0.06181356132051369
4,200,model 1,0.0147667,8.6115263,0.775440502925672,106.0103482148332,0.2801897361130582
4,200,model 2,0.0046593,6.3648652,0.8278347200547979,2.0350724769652903e6,0.26759399598378014
4,200,model 3,0.0093704,3.6013717,0.8269062807427684,2.5639886444076556e6,0.2640113157291869
5,200,model 1,0.0297757,32.3581466,510.3746785866504,660.6510708565498,0.7295670098343096
5,200,model 2,0.0280346,0.4195524,92.54670716972876,2.0350724769652903e6,1.7676951799115845
5,200,model 3,0.0050347,0.3607682,93.82750280736809,2.5639886444076556e6,18.11705775287835
6,200,model 1,0.0165012,44.024964,2205.6969707564826,2408.855225643216,0.7065478604932366
6,200,model 2,0.0083984,0.4238829,350.79134297029464,2.0350724769652903e6,1.673646844252928
6,200,model 3,0.0088488,0.61686,1251.2314722178714,2.5639886444076556e6,73.84406847636436
7,200,model 1,0.0227466,9.4870484,2970.5016533908038,854535.7780487126,0.2049226819905208
7,200,model 2,0.0050539,0.0802853,588383.1623762517,2.0350724769652903e6,0.2671764695292065
7,200,model 3,0.004849,0.1207872,614938.0768516512,2.5639886444076556e6,0.24489349223031776
8,200,model 1,0.0150429,1.4862653,10.147961455612732,172.89848016764594,2.002647078312031
8,200,model 2,0.0052191,1.0552994,10.222018582239313,2.0350724769652903e6,1.4178593084284317
8,200,model 3,0.0053678,0.7853082,10.104449154081113,2.5639886444076556e6,1.6858002934428635
9,200,model 1,0.0154428,0.957637,79.00970977117998,1238.5152044902995,0.3172115577663968
9,200,model 2,0.0052882,0.8535021,14.175533484048058,2.0350724769652903e6,0.5419354575123628
9,200,model 3,0.0054112,0.903199,14.152460645842172,2.5639886444076556e6,0.5358867257601273
10,200,model 1,0.013978,1.6205036,5.25615507201865,89.88879131047807,0.04964549821249741
10,200,model 2,0.005963,65.7818916,5.293605532060923,2.0350724769652903e6,0.02331912656810659
10,200,model 3,0.0058748,0.881513,5.275082149439906,2.5639886444076556e6,0.05241605088336162
11,200,model 1,0.0132394,26.6733373,274192.846157702,306228.96779996133,0.779113495200431
11,200,model 2,0.0055791,0.1169588,143519.89565227873,2.0350724769652903e6,0.7047616551536076
11,200,model 3,0.0049423,0.3629812,284332.40400353813,2.5639886444076556e6,0.8582547511324526
12,200,model 1,0.0131381,57.0022384,10.511122568618594,337.79571151864934,0.13895123750209765
12,200,model 2,0.0055458,0.8718132,12.688771067912892,2.0350724769652903e6,0.01460219209451806
12,200,model 3,0.0054216,0.8621544,12.6336792582731,2.5639886444076556e6,0.014580916057497355
13,200,model 1,0.0132301,3.0524949,1.8100150333806813,241.79232397633294,0.3827239211080013
13,200,model 2,0.0061537,4.7424061,1.826538798623129,2.0350724769652903e6,0.3970475539854608
13,200,model 3,0.0049665,195.1920898,3.5652220209736867,2.5639886444076556e6,0.1572707048617193
14,200,model 1,0.0353897,1.9273604,0.9816375106798547,17.90211438441046,0.09985030282360247
14,200,model 2,0.0049313,4.0606465,1.1273830863404586,2.0350724769652903e6,0.16088542497092642
14,200,model 3,0.0058353,2.2544655,1.1207706352168225,2.5639886444076556e6,0.13723556074149312
15,200,model 1,0.0143432,4.5159238,3.4893619104081695,186.35788489388054,0.10727791640616781
15,200,model 2,0.0060012,0.9324225,3.520040358822441,2.0350724769652903e6,0.12389585633352727
15,200,model 3,0.0056219,0.2088622,12.053875464474363,2.5639886444076556e6,0.05761628681192904
16,200,model 1,0.0153437,22.3202415,58056.12872608519,484646.26588824217,0.0969087127453325
16,200,model 2,0.0051045,0.1875773,485047.87397317577,2.0350724769652903e6,0.4376948497924808
16,200,model 3,0.0060735,0.1155275,650781.7416835157,2.5639886444076556e6,0.5376094458339117
17,200,model 1,0.0128582,54.3616111,1490.8106814087994,75381.38363944813,12.987569895994824
17,200,model 2,0.0050082,0.4221572,1494.9417460961263,2.0350724769652903e6,17.40103672751208
17,200,model 3,0.0053477,0.446832,1469.6781380950297,2.5639886444076556e6,25.900059191926317
18,200,model 1,0.036803,27.7215839,83175.84502860537,160870.11174306824,2.466348798217341
18,200,model 2,0.0051387,0.1218785,85105.95640879472,2.0350724769652903e6,4.772490336369785
18,200,model 3,0.0046253,0.121885,75036.1293029339,2.5639886444076556e6,3.1291023473135726
19,200,model 1,0.0152916,48.724682,448.8513558118575,105784.19025194127,0.12299862512125606
19,200,model 2,0.0051829,0.0490553,65225.63599517557,2.0350724769652903e6,0.22733522960981822
19,200,model 3,0.0047359,0.0564217,64297.26896418957,2.5639886444076556e6,0.2233725683131171
20,200,model 1,0.0136539,1.3203304,132.90733262286267,199.33345892223315,0.16420694704793382
20,200,model 2,0.0057383,0.5662854,13.577372818568023,2.0350724769652903e6,0.1655719158386446
20,200,model 3,0.0053439,0.6515659,19.595454778042033,2.5639886444076556e6,0.6637628143833797
21,200,model 1,0.013361,6.8957069,1294.6332028840823,39063.29849162528,1.0168729982213127
21,200,model 2,0.005348,0.3934124,834.045541801367,2.0350724769652903e6,3.4100478643310543
21,200,model 3,0.0060086,0.8686067,1490.6830475205045,2.5639886444076556e6,0.5205327781836039
22,200,model 1,0.0134415,49.0636787,0.021941363852023818,0.549084018484699,0.0005391797231891944
22,200,model 2,0.0052126,15.1506841,0.11577886549123426,2.0350724769652903e6,0.003390138517807501
22,200,model 3,0.00498,11.3713261,0.11565443989841602,2.5639886444076556e6,0.0035080334950486542
23,200,model 1,0.0122825,17.7395649,3.709151393657053,846.0742934844448,0.6211291507519232
23,200,model 2,0.0050187,1.0167308,3.4850204103974938,2.0350724769652903e6,0.07898597585181814
23,200,model 3,0.0055153,1.582436,3.4809062072771053,2.5639886444076556e6,0.08010898317652908
24,200,model 1,0.0136878,8.0408124,0.775440502925672,106.0103482148332,0.2801897361130582
24,200,model 2,0.0051432,5.9536704,0.8278347200547979,2.0350724769652903e6,0.26759399598378014
24,200,model 3,0.0062107,1.9656186,0.8269062807427684,2.5639886444076556e6,0.2640113157291869
25,200,model 1,0.0132213,4.4920764,3.4893619104081695,186.35788489388054,0.10727791640616781
25,200,model 2,0.0053562,0.9286916,3.520040358822441,2.0350724769652903e6,0.12389585633352727
25,200,model 3,0.005167,0.1972798,12.053875464474363,2.5639886444076556e6,0.05761628681192904
26,200,model 1,0.0139636,48.8917917,448.8513558118575,105784.19025194127,0.12299862512125606
26,200,model 2,0.0052789,0.0527509,65225.63599517557,2.0350724769652903e6,0.22733522960981822
26,200,model 3,0.00434,0.0560637,64297.26896418957,2.5639886444076556e6,0.2233725683131171
27,200,model 1,0.0151268,26.0172081,343.9956573009855,7935.774809911817,1.1004276061539153
27,200,model 2,0.0049975,0.5072857,206.3945240574093,2.0350724769652903e6,1.7031539166398177
27,200,model 3,0.0309314,0.5037433,334.5078508019993,2.5639886444076556e6,1.2721242139400428
28,200,model 1,0.0144552,17.1792282,49.92174098350877,47.44007420254721,0.17512841461335701
28,200,model 2,0.0051734,0.7785658,9.236280758185265,2.0350724769652903e6,0.937205077289338
28,200,model 3,0.0053191,7.6757043,9.288404781540596,2.5639886444076556e6,0.4238427507878339
29,200,model 1,0.0148046,7.6100106,272.3557642381631,9874.878951377577,0.05616758352134603
29,200,model 2,0.0051422,0.3180392,406.2778566298672,2.0350724769652903e6,0.16277229754148984
29,200,model 3,0.0062702,0.3449313,275.65828606952454,2.5639886444076556e6,0.06181356132051369
30,200,model 1,0.0141698,1.867051,10.531274128175143,165.0752864837514,0.05892746195718418
30,200,model 2,0.004891,0.8846171,6.794964196725537,2.0350724769652903e6,0.07048383236015544
30,200,model 3,0.0053804,0.9637011,6.789832449878467,2.5639886444076556e6,0.0880531244471415
31,200,model 1,0.013161,26.3001652,108.97141881054088,6544.792260935792,5.681190574913652
31,200,model 2,0.0048307,0.6751017,31.60593561953376,2.0350724769652903e6,0.5359081361807734
31,200,model 3,0.0050775,0.7725082,31.649573122759364,2.5639886444076556e6,0.4842496734011165
32,200,model 1,0.0138565,33.0616441,19.281792176956365,355.36977633127145,0.16329396500529486
32,200,model 2,0.0055013,0.6379794,19.270659013486913,2.0350724769652903e6,0.10095668824325131
32,200,model 3,0.0050657,0.4126308,21.838410802830985,2.5639886444076556e6,3.274966781188868
33,200,model 1,0.0146468,8.1418946,0.775440502925672,106.0103482148332,0.2801897361130582
33,200,model 2,0.0052849,5.7409789,0.8278347200547979,2.0350724769652903e6,0.26759399598378014
33,200,model 3,0.0049003,1.884116,0.8269062807427684,2.5639886444076556e6,0.2640113157291869
34,200,model 1,0.0406483,56.3848413,17.01643240019963,1866.129645196553,0.6514320306132018
34,200,model 2,0.0047841,0.6838021,9.479385998248054,2.0350724769652903e6,0.6171130295000604
34,200,model 3,0.0052677,0.797776,9.476330792524157,2.5639886444076556e6,0.6180026553376073
35,200,model 1,0.0126663,90.1336496,0.13910684163820788,2.4036859371662613,0.0023554321622254277
35,200,model 2,0.0055133,5.8943974,0.26929779138407794,2.0350724769652903e6,0.006297739257671978
35,200,model 3,0.0052609,0.818829,2.4975660225838223,2.5639886444076556e6,0.005098265525670677
36,200,model 1,0.0154575,25.9173422,2205.6969707564826,2408.855225643216,0.7065478604932366
36,200,model 2,0.0060265,0.2368842,350.79134297029464,2.0350724769652903e6,1.673646844252928
36,200,model 3,0.0051654,0.3305259,1251.2314722178714,2.5639886444076556e6,73.84406847636436
37,200,model 1,0.0132748,57.2879857,10.511122568618594,337.79571151864934,0.13895123750209765
37,200,model 2,0.004985,0.8918558,12.688771067912892,2.0350724769652903e6,0.01460219209451806
37,200,model 3,0.0045187,0.8455215,12.6336792582731,2.5639886444076556e6,0.014580916057497355
38,200,model 1,0.0434226,4.574113,3.4893619104081695,186.35788489388054,0.10727791640616781
38,200,model 2,0.0051062,0.9319079,3.520040358822441,2.0350724769652903e6,0.12389585633352727
38,200,model 3,0.0053119,0.2150637,12.053875464474363,2.5639886444076556e6,0.05761628681192904
39,200,model 1,0.0429416,1.4216536,10.147961455612732,172.89848016764594,2.002647078312031
39,200,model 2,0.0053734,1.0825401,10.222018582239313,2.0350724769652903e6,1.4178593084284317
39,200,model 3,0.0059514,0.8179944,10.104449154081113,2.5639886444076556e6,1.6858002934428635
40,200,model 1,0.0126336,37.8506262,0.07259637960439008,2.05668595166859,0.0014207882343002384
40,200,model 2,0.0047829,2.9650547,0.46848052973044907,2.0350724769652903e6,0.008522492643995072
40,200,model 3,0.0050097,10.5228771,0.46803722830565253,2.5639886444076556e6,0.009949510755503045
41,200,model 1,0.0133666,21.9341799,0.32855163103521806,16.171052487918022,0.01089869991386383
41,200,model 2,0.0051393,8.1849423,0.34425430661440604,2.0350724769652903e6,0.005493154259697361
41,200,model 3,0.0048859,57.4836126,0.34355304693086935,2.5639886444076556e6,0.005071149096732733
42,200,model 1,0.0445057,25.6871256,810.9597442502339,1011.6431396780729,0.678827628494929
42,200,model 2,0.0050323,0.5436388,151.00461571721985,2.0350724769652903e6,6.057312628187771
42,200,model 3,0.0059429,0.2770724,227.00965670276966,2.5639886444076556e6,3.415213877518891
43,200,model 1,0.0172361,3.3196456,5.091543745749272,144.967611287435,0.13973097713212843
43,200,model 2,0.0051939,0.8926013,5.115378696336333,2.0350724769652903e6,0.16005117503093802
43,200,model 3,0.0052734,0.341179,31.402900284891917,2.5639886444076556e6,1.5461704635652453
44,200,model 1,0.0434821,12.323084,5.278473399658228,320.5991137880673,0.1042747116378566
44,200,model 2,0.0049365,0.1996929,18.571633666119556,2.0350724769652903e6,0.3135360243671288
44,200,model 3,0.0063614,16.9413071,7.205280426980851,2.5639886444076556e6,0.04282648165353497
45,200,model 1,0.013283,26.5572782,104377.07647555477,69468.07329124237,0.15259122203952594
45,200,model 2,0.0055377,0.0799121,109576.83564833582,2.0350724769652903e6,0.6328656510271307
45,200,model 3,0.0046939,0.0504569,116850.72135516888,2.5639886444076556e6,0.6556102920440751
46,200,model 1,0.0151232,17.8317479,3.709151393657053,846.0742934844448,0.6211291507519232
46,200,model 2,0.0051093,1.0327429,3.4850204103974938,2.0350724769652903e6,0.07898597585181814
46,200,model 3,0.0055689,1.6171255,3.4809062072771053,2.5639886444076556e6,0.08010898317652908
47,200,model 1,0.014484,0.3451408,6.02001424863279e7,1.0045693148227601e8,3.6298223719943223
47,200,model 2,0.0055388,0.0063132,1.0639278820808348e8,2.0350724769652903e6,6.260162200878347
47,200,model 3,0.0046545,0.0069396,2.9865138534648736e-6,2.5639886444076556e6,6.085779791519907
48,200,model 1,0.0144394,18.4755684,0.7525147945923776,47.466273133457726,0.24447299942907452
48,200,model 2,0.005417,1.8752039,0.4778840901945876,2.0350724769652903e6,0.6618791588931682
48,200,model 3,0.0050467,207.650162,2.9837755921643634,2.5639886444076556e6,1.146866935733494
49,200,model 1,0.0134604,49.4054364,0.021941363852023818,0.549084018484699,0.0005391797231891944
49,200,model 2,0.0052254,15.3773354,0.11577886549123426,2.0350724769652903e6,0.003390138517807501
49,200,model 3,0.0056051,10.8130438,0.11565443989841602,2.5639886444076556e6,0.0035080334950486542
50,200,model 1,0.0142429,7.8093132,364.71417813080615,29015.038000824727,0.162818865207435
50,200,model 2,0.0051583,0.0581279,44477.01136821752,2.0350724769652903e6,0.1311308286327597
50,200,model 3,0.0060445,0.0633764,44090.28969955691,2.5639886444076556e6,0.13082985252259016
51,200,model 1,0.0135612,26.1768421,214.90411598870898,302.55777872183637,1.3014824307716808
51,200,model 2,0.004788,0.7357605,35.88562432464866,2.0350724769652903e6,13.52837354213443
51,200,model 3,0.0051679,0.5709521,36.017787460820244,2.5639886444076556e6,9.751534899307718
52,200,model 1,0.0139611,2.0068626,0.9353192693724569,7.861480768097669,0.0134583135665216
52,200,model 2,0.0050384,246.3984828,0.23728833526364437,2.0350724769652903e6,0.005324339256716072
52,200,model 3,0.0047538,18.0810679,0.23715964112107088,2.5639886444076556e6,0.005813834118443469
53,200,model 1,0.0134103,18.1509743,3.709151393657053,846.0742934844448,0.6211291507519232
53,200,model 2,0.0060832,1.0338328,3.4850204103974938,2.0350724769652903e6,0.07898597585181814
53,200,model 3,0.0051108,1.608124,3.4809062072771053,2.5639886444076556e6,0.08010898317652908
54,200,model 1,0.0139792,25.9115288,51025.51100353818,78228.56476392262,1.683162946699885
54,200,model 2,0.0047987,0.7359554,7208.118481987525,2.0350724769652903e6,3.0595109774160236
54,200,model 3,0.0047744,0.1502325,53501.03996841667,2.5639886444076556e6,1.6908328737393987
55,200,model 1,0.0136801,17.8153554,6.607355174928124,1376.0856082880878,0.6667326627613972
55,200,model 2,0.005111,1.3900503,3.662874116775191,2.0350724769652903e6,0.07173002550912438
55,200,model 3,0.0052768,1.0944175,3.5890935928360927,2.5639886444076556e6,0.061179803441982705
56,200,model 1,0.0318794,1.3684834,10.147961455612732,172.89848016764594,2.002647078312031
56,200,model 2,0.0054388,1.0897328,10.222018582239313,2.0350724769652903e6,1.4178593084284317
56,200,model 3,0.0053301,0.792832,10.104449154081113,2.5639886444076556e6,1.6858002934428635
57,200,model 1,0.0130352,20.0914349,2.0073196439836208e7,2.5964631361394513e7,0.8342308028897462
57,200,model 2,0.0055487,6.0296378,142583.39446348153,2.0350724769652903e6,0.24089755292615656
57,200,model 3,0.004593,0.8771686,148070.21492000157,2.5639886444076556e6,0.22510298641432994
58,200,model 1,0.0132721,1.8639832,1496.8750356265548,32067.72219668351,0.664215872410192
58,200,model 2,0.0045817,0.2982704,1506.9511969770315,2.0350724769652903e6,5.189038336644232
58,200,model 3,0.0053507,0.4502527,2305.65127293257,2.5639886444076556e6,2.523745713999051
59,200,model 1,0.0127403,55.6772674,30.619389053391735,838.8925051210601,0.4621446626147111
59,200,model 2,0.0063155,91.3120006,30.50605231429323,2.0350724769652903e6,0.26097042180063007
59,200,model 3,0.0060504,0.5826608,30.497030724292966,2.5639886444076556e6,0.4662278990080653
60,200,model 1,0.0128546,53.1226756,10.930349196048445,466.1635165541862,1.8086774248630604
60,200,model 2,0.0056132,0.7474004,10.94008374860606,2.0350724769652903e6,1.5349458281796882
60,200,model 3,0.0048157,161.991019,10.94073338981149,2.5639886444076556e6,2.0674976205848723
61,200,model 1,0.0138523,25.8382916,2205.6969707564826,2408.855225643216,0.7065478604932366
61,200,model 2,0.0049447,0.2271808,350.79134297029464,2.0350724769652903e6,1.673646844252928
61,200,model 3,0.0062795,0.3502338,1251.2314722178714,2.5639886444076556e6,73.84406847636436
62,200,model 1,0.013509,50.5224124,31.6856771291745,1924.3792022361772,0.8873949312880077
62,200,model 2,0.0260705,0.9253666,31.341289027924805,2.0350724769652903e6,1.9910396576214067
62,200,model 3,0.0048399,0.7972992,31.15935731351378,2.5639886444076556e6,0.959180178407168
63,200,model 1,0.0137773,17.6124746,58.60237092521791,807.393625168462,0.3071180245209301
63,200,model 2,0.005392,0.5856523,42.57503618831233,2.0350724769652903e6,0.22458585320931526
63,200,model 3,0.0061849,0.6642557,42.6158372951099,2.5639886444076556e6,0.4337355341593622
64,200,model 1,0.0124534,26.3555407,51025.51100353818,78228.56476392262,1.683162946699885
64,200,model 2,0.0047444,0.7371953,7208.118481987525,2.0350724769652903e6,3.0595109774160236
64,200,model 3,0.0052538,0.16017,53501.03996841667,2.5639886444076556e6,1.6908328737393987
65,200,model 1,0.013673,55.2202428,572.9874039177163,57410.100986148245,5.411858036087
65,200,model 2,0.0049763,0.6337417,315.8413552388619,2.0350724769652903e6,3.0154075490903915
65,200,model 3,0.004688,0.41972,1359.7504517667508,2.5639886444076556e6,3.8487539953133734
66,200,model 1,0.0135456,53.4749168,493.17160387494886,31693.161281535642,0.3328020331799037
66,200,model 2,0.0048392,0.3148579,498.04455436295024,2.0350724769652903e6,0.24116450219204935
66,200,model 3,0.0051962,0.2662227,1829.3004393324236,2.5639886444076556e6,0.44049396452586326
67,200,model 1,0.0132818,17.0371619,49.92174098350877,47.44007420254721,0.17512841461335701
67,200,model 2,0.0047355,0.785282,9.236280758185265,2.0350724769652903e6,0.937205077289338
67,200,model 3,0.0052268,7.7175916,9.288404781540596,2.5639886444076556e6,0.4238427507878339
68,200,model 1,0.0136384,19.9782578,1.005197520502983e7,4.462535191427869e6,0.1847654582379234
68,200,model 2,0.0045976,0.1307807,2.3252781492076633e6,2.0350724769652903e6,0.0503147022533845
68,200,model 3,0.0050594,0.1383969,2.336756021752785e6,2.5639886444076556e6,0.07714758181783975
69,200,model 1,0.0130466,20.2409416,2.0073196439836208e7,2.5964631361394513e7,0.8342308028897462
69,200,model 2,0.0050048,6.0101212,142583.39446348153,2.0350724769652903e6,0.24089755292615656
69,200,model 3,0.0047853,0.8698951,148070.21492000157,2.5639886444076556e6,0.22510298641432994
70,200,model 1,0.0364567,56.5163996,17.01643240019963,1866.129645196553,0.6514320306132018
70,200,model 2,0.0046739,0.6713099,9.479385998248054,2.0350724769652903e6,0.6171130295000604
70,200,model 3,0.0053402,0.7859605,9.476330792524157,2.5639886444076556e6,0.6180026553376073
71,200,model 1,0.0367146,26.7744758,132499.37276885117,268789.1278266021,2.5426323249715557
71,200,model 2,0.0054118,0.3948045,21047.37086606634,2.0350724769652903e6,29.05364309535575
71,200,model 3,0.0050495,0.6862776,21001.896508367598,2.5639886444076556e6,32.30643480279347
72,200,model 1,0.014079,3.3869576,6.224676044877302,1498.7254701064767,0.4652338334695
72,200,model 2,0.0059796,1.7597814,6.525557215414626,2.0350724769652903e6,0.503999581354518
72,200,model 3,0.0051723,1.1524587,8.683354623394832,2.5639886444076556e6,0.748221863288127
73,200,model 1,0.0139504,26.3426232,51025.51100353818,78228.56476392262,1.683162946699885
73,200,model 2,0.0048828,0.7358701,7208.118481987525,2.0350724769652903e6,3.0595109774160236
73,200,model 3,0.0051111,0.161658,53501.03996841667,2.5639886444076556e6,1.6908328737393987
74,200,model 1,0.013558,29.3679311,69.98723472931958,3575.2681637844453,1.67386356322734
74,200,model 2,0.0047588,0.7108563,66.36812498024491,2.0350724769652903e6,2.3911831667781427
74,200,model 3,0.0055305,0.6851208,66.53983816914766,2.5639886444076556e6,0.368638687095799
75,200,model 1,0.0141691,49.005858,448.8513558118575,105784.19025194127,0.12299862512125606
75,200,model 2,0.0054114,0.0513671,65225.63599517557,2.0350724769652903e6,0.22733522960981822
75,200,model 3,0.0045826,0.0565742,64297.26896418957,2.5639886444076556e6,0.2233725683131171
76,200,model 1,0.0467757,0.8879184,79.00970977117998,1238.5152044902995,0.3172115577663968
76,200,model 2,0.0047189,0.8546969,14.175533484048058,2.0350724769652903e6,0.5419354575123628
76,200,model 3,0.0052004,0.9077901,14.152460645842172,2.5639886444076556e6,0.5358867257601273
77,200,model 1,0.0135208,57.1584444,10.511122568618594,337.79571151864934,0.13895123750209765
77,200,model 2,0.0051489,0.8608781,12.688771067912892,2.0350724769652903e6,0.01460219209451806
77,200,model 3,0.0075263,0.8664138,12.6336792582731,2.5639886444076556e6,0.014580916057497355
78,200,model 1,0.0126811,33.1657251,19.281792176956365,355.36977633127145,0.16329396500529486
78,200,model 2,0.00592,0.6145757,19.270659013486913,2.0350724769652903e6,0.10095668824325131
78,200,model 3,0.00515,0.4091942,21.838410802830985,2.5639886444076556e6,3.274966781188868
79,200,model 1,0.0135219,17.8995982,2.6346617946142716,6.47763988756399,0.008068673205740607
79,200,model 2,0.0047792,2.0930014,0.7692198178956824,2.0350724769652903e6,0.03627912654741625
79,200,model 3,0.0053171,19.5886288,0.7668123115621487,2.5639886444076556e6,0.03702722894686478
80,200,model 1,0.0143331,26.2721799,116.68372207286976,7038.991495196707,1.9739444448773353
80,200,model 2,0.0049419,0.4547916,95.28459607770505,2.0350724769652903e6,1.3099982385331275
80,200,model 3,0.0060209,1.1690813,94.49687457291991,2.5639886444076556e6,1.0986658237760694
81,200,model 1,0.0140613,8.0255213,0.775440502925672,106.0103482148332,0.2801897361130582
81,200,model 2,0.0048046,5.7577207,0.8278347200547979,2.0350724769652903e6,0.26759399598378014
81,200,model 3,0.0059123,1.9208638,0.8269062807427684,2.5639886444076556e6,0.2640113157291869
82,200,model 1,0.0234772,0.9489581,10.811223428575692,156.13829296983735,0.05974077053112619
82,200,model 2,0.0046553,3.3531608,1.4917037526550903,2.0350724769652903e6,0.04452578903060276
82,200,model 3,0.0047196,5.1529894,1.0379611285338999,2.5639886444076556e6,0.04977882077869795
83,200,model 1,0.0399175,1.293117,132.90733262286267,199.33345892223315,0.16420694704793382
83,200,model 2,0.0050153,0.5223403,13.577372818568023,2.0350724769652903e6,0.1655719158386446
83,200,model 3,0.004617,0.6602317,19.595454778042033,2.5639886444076556e6,0.6637628143833797
84,200,model 1,0.0130696,26.3012385,116.68372207286976,7038.991495196707,1.9739444448773353
84,200,model 2,0.0052565,0.446949,95.28459607770505,2.0350724769652903e6,1.3099982385331275
84,200,model 3,0.0047372,1.1203009,94.49687457291991,2.5639886444076556e6,1.0986658237760694
85,200,model 1,0.0131953,2.7414374,48.012490680482095,2396.3234334827252,1.1002245628715046
85,200,model 2,0.0048985,0.4820938,48.28348267040845,2.0350724769652903e6,1.4526621471220624
85,200,model 3,0.0051581,0.4386921,49.38712189346406,2.5639886444076556e6,3.3433551695261534
86,200,model 1,0.0154393,1.6283509,13.933941291014046,60.3031890957864,0.050259092239323774
86,200,model 2,0.0048696,1.9918781,1.4838187759625057,2.0350724769652903e6,0.09207887634517317
86,200,model 3,0.0049918,2.5835275,2.5467386801074148,2.5639886444076556e6,0.13014858304687765
87,200,model 1,0.0136838,26.6439401,596406.1564354146,963930.8568977988,2.390547121500131
87,200,model 2,0.0065,0.2227411,200017.43912366664,2.0350724769652903e6,4.268171073513402
87,200,model 3,0.0051741,0.2318505,203005.43878036586,2.5639886444076556e6,3.8560338958821156
88,200,model 1,0.014615,19.9673273,1.005197520502983e7,4.462535191427869e6,0.1847654582379234
88,200,model 2,0.0051882,0.1326679,2.3252781492076633e6,2.0350724769652903e6,0.0503147022533845
88,200,model 3,0.0048443,0.1528628,2.336756021752785e6,2.5639886444076556e6,0.07714758181783975
89,200,model 1,0.0147599,25.8217759,810.9597442502339,1011.6431396780729,0.678827628494929
89,200,model 2,0.0059558,0.5045461,151.00461571721985,2.0350724769652903e6,6.057312628187771
89,200,model 3,0.004658,0.2570103,227.00965670276966,2.5639886444076556e6,3.415213877518891
90,200,model 1,0.0151033,57.383763,10.511122568618594,337.79571151864934,0.13895123750209765
90,200,model 2,0.0051996,0.9233764,12.688771067912892,2.0350724769652903e6,0.01460219209451806
90,200,model 3,0.0058619,0.8331924,12.6336792582731,2.5639886444076556e6,0.014580916057497355
91,200,model 1,0.0139773,2.7609258,48.012490680482095,2396.3234334827252,1.1002245628715046
91,200,model 2,0.0052501,0.439459,48.28348267040845,2.0350724769652903e6,1.4526621471220624
91,200,model 3,0.005379,0.4271726,49.38712189346406,2.5639886444076556e6,3.3433551695261534
92,200,model 1,0.043351,25.4241394,510.3746785866504,660.6510708565498,0.7295670098343096
92,200,model 2,0.004884,0.3765533,92.54670716972876,2.0350724769652903e6,1.7676951799115845
92,200,model 3,0.0046251,0.3282426,93.82750280736809,2.5639886444076556e6,18.11705775287835
93,200,model 1,0.0153377,1.6830287,13.933941291014046,60.3031890957864,0.050259092239323774
93,200,model 2,0.0059452,2.0423345,1.4838187759625057,2.0350724769652903e6,0.09207887634517317
93,200,model 3,0.0051073,2.5768786,2.5467386801074148,2.5639886444076556e6,0.13014858304687765
94,200,model 1,0.0137517,0.8694387,79.00970977117998,1238.5152044902995,0.3172115577663968
94,200,model 2,0.005007,0.8484112,14.175533484048058,2.0350724769652903e6,0.5419354575123628
94,200,model 3,0.0044644,0.9042679,14.152460645842172,2.5639886444076556e6,0.5358867257601273
95,200,model 1,0.012792,17.0474054,49.92174098350877,47.44007420254721,0.17512841461335701
95,200,model 2,0.005771,0.7633412,9.236280758185265,2.0350724769652903e6,0.937205077289338
95,200,model 3,0.0053613,7.6742438,9.288404781540596,2.5639886444076556e6,0.4238427507878339
96,200,model 1,0.0132981,17.8913964,6.607355174928124,1376.0856082880878,0.6667326627613972
96,200,model 2,0.0048376,1.3988233,3.662874116775191,2.0350724769652903e6,0.07173002550912438
96,200,model 3,0.0053929,1.0907206,3.5890935928360927,2.5639886444076556e6,0.061179803441982705
97,200,model 1,0.0127012,8.0817892,0.775440502925672,106.0103482148332,0.2801897361130582
97,200,model 2,0.0051942,5.7155112,0.8278347200547979,2.0350724769652903e6,0.26759399598378014
97,200,model 3,0.0054601,1.908368,0.8269062807427684,2.5639886444076556e6,0.2640113157291869
98,200,model 1,0.0130903,17.9173076,6.607355174928124,1376.0856082880878,0.6667326627613972
98,200,model 2,0.0055653,1.3866694,3.662874116775191,2.0350724769652903e6,0.07173002550912438
98,200,model 3,0.0047956,1.1011304,3.5890935928360927,2.5639886444076556e6,0.061179803441982705
99,200,model 1,0.014068,25.6865856,311.5088401796007,426.1437870169039,0.2654626351801843
99,200,model 2,0.0051181,0.7078529,56.15535044390841,2.0350724769652903e6,0.4085428217368004
99,200,model 3,0.0052081,0.7121893,56.02634155987865,2.5639886444076556e6,0.5737871418165481
100,200,model 1,0.0138793,2.2089166,439.05357976775304,203767.89993601295,0.3493916526064206
100,200,model 2,0.0069817,0.0510802,56477.51938310562,2.0350724769652903e6,0.5140038909273239
100,200,model 3,0.0045922,0.0515359,55732.29303387432,2.5639886444076556e6,0.5144186872952577
